X,400 cell,X,500 cell,,,X,rho
0.00125,0.999825974,0.001,0.999825974,,0.002,0,0.999855774
0.00375,0.999825974,0.003,0.999825974,,0.0025,0.331178405,0.999855774
0.00625,0.999825974,0.005,0.999825974,,,0.331178405,0.999855772
0.00875,0.999825974,0.007,0.999825974,,,0.331495995,0.9982893
0.01125,0.999825974,0.009,0.999825974,,,0.331813585,0.996724792
0.01375,0.999825974,0.011,0.999825974,,,0.332131175,0.995162245
0.01625,0.999825974,0.013,0.999825974,,,0.332448765,0.993601659
0.01875,0.999825974,0.015,0.999825974,,,0.332766356,0.992043032
0.02125,0.999825974,0.017,0.999825974,,,0.333083946,0.990486361
0.02375,0.999825974,0.019,0.999825974,,,0.333401536,0.988931645
0.02625,0.999825974,0.021,0.999825974,,,0.333719126,0.987378881
0.02875,0.999825974,0.023,0.999825974,,,0.334036716,0.985828069
0.03125,0.999825974,0.025,0.999825974,,,0.334354306,0.984279206
0.03375,0.999825974,0.027,0.999825974,,,0.334671896,0.98273229
0.03625,0.999825974,0.029,0.999825974,,,0.334989486,0.98118732
0.03875,0.999825974,0.031,0.999825974,,,0.335307076,0.979644294
0.04125,0.999825974,0.033,0.999825974,,,0.335624666,0.978103209
0.04375,0.999825974,0.035,0.999825974,,,0.335942257,0.976564065
0.04625,0.999825974,0.037,0.999825974,,,0.336259847,0.975026858
0.04875,0.999825974,0.039,0.999825974,,,0.336577437,0.973491588
0.05125,0.999825974,0.041,0.999825974,,,0.336895027,0.971958253
0.05375,0.999825974,0.043,0.999825974,,,0.337212617,0.97042685
0.05625,0.999825974,0.045,0.999825974,,,0.337530207,0.968897379
0.05875,0.999825974,0.047,0.999825974,,,0.337847797,0.967369836
0.06125,0.999825974,0.049,0.999825974,,,0.338165387,0.965844221
0.06375,0.999825974,0.051,0.999825974,,,0.338482977,0.964320531
0.06625,0.999825974,0.053,0.999825974,,,0.338800567,0.962798764
0.06875,0.999825974,0.055,0.999825974,,,0.339118158,0.961278919
0.07125,0.999825974,0.057,0.999825974,,,0.339435748,0.959760995
0.07375,0.999825974,0.059,0.999825974,,,0.339753338,0.958244988
0.07625,0.999825974,0.061,0.999825974,,,0.340070928,0.956730898
0.07875,0.999825974,0.063,0.999825974,,,0.340388518,0.955218722
0.08125,0.999825974,0.065,0.999825974,,,0.340706108,0.953708459
0.08375,0.999825974,0.067,0.999825974,,,0.341023698,0.952200107
0.08625,0.999825974,0.069,0.999825974,,,0.341341288,0.950693664
0.08875,0.999825974,0.071,0.999825974,,,0.341658878,0.949189128
0.09125,0.999825974,0.073,0.999825974,,,0.341976468,0.947686497
0.09375,0.999825974,0.075,0.999825974,,,0.342294059,0.94618577
0.09625,0.999825974,0.077,0.999825974,,,0.342611649,0.944686945
0.09875,0.999825974,0.079,0.999825974,,,0.342929239,0.94319002
0.10125,0.999825974,0.081,0.999825974,,,0.343246829,0.941694993
0.10375,0.999825974,0.083,0.999825974,,,0.343564419,0.940201863
0.10625,0.999825974,0.085,0.999825974,,,0.343882009,0.938710627
0.10875,0.999825974,0.087,0.999825974,,,0.344199599,0.937221284
0.11125,0.999825974,0.089,0.999825974,,,0.344517189,0.935733831
0.11375,0.999825974,0.091,0.999825974,,,0.344834779,0.934248268
0.11625,0.999825974,0.093,0.999825974,,,0.345152369,0.932764593
0.11875,0.999825974,0.095,0.999825974,,,0.34546996,0.931282803
0.12125,0.999825974,0.097,0.999825974,,,0.34578755,0.929802896
0.12375,0.999825974,0.099,0.999825974,,,0.34610514,0.928324872
0.12625,0.999825974,0.101,0.999825974,,,0.34642273,0.926848728
0.12875,0.999825974,0.103,0.999825974,,,0.34674032,0.925374462
0.13125,0.999825974,0.105,0.999825974,,,0.34705791,0.923902073
0.13375,0.999825974,0.107,0.999825974,,,0.3473755,0.922431559
0.13625,0.999825974,0.109,0.999825974,,,0.34769309,0.920962917
0.13875,0.999825974,0.111,0.999825974,,,0.34801068,0.919496147
0.14125,0.999825974,0.113,0.999825974,,,0.34832827,0.918031247
0.14375,0.999825974,0.115,0.999825974,,,0.348645861,0.916568214
0.14625,0.999825974,0.117,0.999825974,,,0.348963451,0.915107046
0.14875,0.999825974,0.119,0.999825974,,,0.349281041,0.913647743
0.15125,0.999825974,0.121,0.999825974,,,0.349598631,0.912190302
0.15375,0.999825974,0.123,0.999825974,,,0.349916221,0.910734722
0.15625,0.999825974,0.125,0.999825974,,,0.350233811,0.909281001
0.15875,0.999825974,0.127,0.999825974,,,0.350551401,0.907829136
0.16125,0.999825974,0.129,0.999825974,,,0.350868991,0.906379127
0.16375,0.999825974,0.131,0.999825974,,,0.351186581,0.904930971
0.16625,0.999825974,0.133,0.999825974,,,0.351504171,0.903484666
0.16875,0.999825974,0.135,0.999825974,,,0.351821762,0.902040211
0.17125,0.999825974,0.137,0.999825974,,,0.352139352,0.900597605
0.17375,0.999825974,0.139,0.999825974,,,0.352456942,0.899156845
0.17625,0.999825974,0.141,0.999825974,,,0.352774532,0.897717929
0.17875,0.999825974,0.143,0.999825974,,,0.353092122,0.896280856
0.18125,0.999825974,0.145,0.999825974,,,0.353409712,0.894845624
0.18375,0.999825974,0.147,0.999825974,,,0.353727302,0.893412231
0.18625,0.999825974,0.149,0.999825974,,,0.354044892,0.891980676
0.18875,0.999825974,0.151,0.999825974,,,0.354362482,0.890550956
0.19125,0.999825974,0.153,0.999825974,,,0.354680072,0.88912307
0.19375,0.999825974,0.155,0.999825974,,,0.354997663,0.887697016
0.19625,0.999825974,0.157,0.999825974,,,0.355315253,0.886272793
0.19875,0.999825974,0.159,0.999825974,,,0.355632843,0.884850398
0.20125,0.999825974,0.161,0.999825974,,,0.355950433,0.88342983
0.20375,0.999825974,0.163,0.999825974,,,0.356268023,0.882011088
0.20625,0.999825974,0.165,0.999825974,,,0.356585613,0.880594168
0.20875,0.999825974,0.167,0.999825974,,,0.356903203,0.87917907
0.21125,0.999825974,0.169,0.999825974,,,0.357220793,0.877765792
0.21375,0.999825974,0.171,0.999825974,,,0.357538383,0.876354332
0.21625,0.999825974,0.173,0.999825974,,,0.357855973,0.874944688
0.21875,0.999825974,0.175,0.999825974,,,0.358173564,0.873536859
0.22125,0.999825974,0.177,0.999825974,,,0.358491154,0.872130843
0.22375,0.999825974,0.179,0.999825974,,,0.358808744,0.870726637
0.22625,0.999825974,0.181,0.999825974,,,0.359126334,0.869324241
0.22875,0.999825974,0.183,0.999825974,,,0.359443924,0.867923653
0.23125,0.999825974,0.185,0.999825974,,,0.359761514,0.86652487
0.23375,0.999825974,0.187,0.999825974,,,0.360079104,0.865127892
0.23625,0.999825974,0.189,0.999825974,,,0.360396694,0.863732715
0.23875,0.999825974,0.191,0.999825974,,,0.360714284,0.86233934
0.24125,0.999825974,0.193,0.999825974,,,0.361031874,0.860947763
0.24375,0.999825974,0.195,0.999825974,,,0.361349465,0.859557983
0.24625,0.999825974,0.197,0.999825974,,,0.361667055,0.858169998
0.24875,0.999825974,0.199,0.999825974,,,0.361984645,0.856783807
0.25125,0.999825973,0.201,0.999825974,,,0.362302235,0.855399408
0.25375,0.999825972,0.203,0.999825974,,,0.362619825,0.854016799
0.25625,0.99982597,0.205,0.999825974,,,0.362937415,0.852635979
0.25875,0.999825966,0.207,0.999825974,,,0.363255005,0.851256945
0.26125,0.999825957,0.209,0.999825974,,,0.363572595,0.849879696
0.26375,0.999825939,0.211,0.999825974,,,0.363890185,0.84850423
0.26625,0.999825904,0.213,0.999825974,,,0.364207775,0.847130545
0.26875,0.999825835,0.215,0.999825974,,,0.364525366,0.845758641
0.27125,0.999825703,0.217,0.999825974,,,0.364842956,0.844388514
0.27375,0.999825451,0.219,0.999825974,,,0.365160546,0.843020163
0.27625,0.999824978,0.221,0.999825974,,,0.365478136,0.841653588
0.27875,0.9998241,0.223,0.999825974,,,0.365795726,0.840288784
0.28125,0.999822491,0.225,0.999825974,,,0.366113316,0.838925752
0.28375,0.999819584,0.227,0.999825974,,,0.366430906,0.83756449
0.28625,0.999814404,0.229,0.999825974,,,0.366748496,0.836204995
0.28875,0.999805311,0.231,0.999825974,,,0.367066086,0.834847265
0.29125,0.99978959,0.233,0.999825974,,,0.367383676,0.833491301
0.29375,0.999762843,0.235,0.999825974,,,0.367701267,0.832137098
0.29625,0.999718085,0.237,0.999825974,,,0.368018857,0.830784656
0.29875,0.999644515,0.239,0.999825974,,,0.368336447,0.829433974
0.30125,0.999525747,0.241,0.999825974,,,0.368654037,0.828085048
0.30375,0.999337868,0.243,0.999825974,,,0.368971627,0.826737878
0.30625,0.999046316,0.245,0.999825974,,,0.369289217,0.825392462
0.30875,0.998604659,0.247,0.999825974,,,0.369606807,0.824048799
0.31125,0.997948272,0.249,0.999825974,,,0.369924397,0.822706885
0.31375,0.997002148,0.251,0.999825974,,,0.370241987,0.821366721
0.31625,0.995659057,0.253,0.999825974,,,0.370559577,0.820028303
0.31875,0.993831954,0.255,0.999825974,,,0.370877168,0.818691631
0.32125,0.991354476,0.257,0.999825974,,,0.371194758,0.817356703
0.32375,0.988216936,0.259,0.999825974,,,0.371512348,0.816023516
0.32625,0.984134265,0.261,0.999825973,,,0.371829938,0.81469207
0.32875,0.979406697,0.263,0.999825972,,,0.372147528,0.813362362
0.33125,0.973421578,0.265,0.99982597,,,0.372465118,0.812034391
0.33375,0.967151908,0.267,0.999825966,,,0.372782708,0.810708155
0.33625,0.959338635,0.269,0.999825958,,,0.373100298,0.809383652
0.33875,0.951823545,0.271,0.999825944,,,0.373417888,0.808060881
0.34125,0.94268445,0.273,0.999825917,,,0.373735478,0.80673984
0.34375,0.934095907,0.275,0.999825868,,,0.374053069,0.805420528
0.34625,0.924330004,0.277,0.999825778,,,0.374370659,0.804102942
0.34875,0.914660011,0.279,0.999825615,,,0.374688249,0.802787081
0.35125,0.904632351,0.281,0.999825326,,,0.375005839,0.801472943
0.35375,0.894435069,0.283,0.999824814,,,0.375323429,0.800160526
0.35625,0.883846235,0.285,0.999823921,,,0.375641019,0.79884983
0.35875,0.873952684,0.287,0.999822378,,,0.375958609,0.797540851
0.36125,0.863040141,0.289,0.999819741,,,0.376276199,0.79623359
0.36375,0.852929196,0.291,0.999815289,,,0.376593789,0.794928042
0.36625,0.842709111,0.293,0.999807864,,,0.376911379,0.793624208
0.36875,0.832048057,0.295,0.999795636,,,0.37722897,0.792322086
0.37125,0.821785687,0.297,0.999775763,,,0.37754656,0.791021673
0.37375,0.811915847,0.299,0.99974391,,,0.37786415,0.789722968
0.37625,0.80119673,0.301,0.99969359,,,0.37818174,0.788425969
0.37875,0.791164706,0.303,0.999615305,,,0.37849933,0.787130675
0.38125,0.781429337,0.305,0.999495458,,,0.37881692,0.785837084
0.38375,0.771126754,0.307,0.999315075,,,0.37913451,0.784545195
0.38625,0.760907503,0.309,0.999048407,,,0.3794521,0.783255005
0.38875,0.751554308,0.311,0.998661583,,,0.37976969,0.781966513
0.39125,0.741619099,0.313,0.998111568,,,0.38008728,0.780679717
0.39375,0.731490788,0.315,0.997345776,,,0.380404871,0.779394615
0.39625,0.722016899,0.317,0.996302756,,,0.380722461,0.778111207
0.39875,0.712874313,0.319,0.99491429,,,0.381040051,0.77682949
0.40125,0.702880759,0.321,0.993109099,,,0.381357641,0.775549462
0.40375,0.693328584,0.323,0.990818048,,,0.381675231,0.774271123
0.40625,0.684245,0.325,0.98798029,,,0.381992821,0.772994469
0.40875,0.675375334,0.327,0.984549487,,,0.382310411,0.771719501
0.41125,0.665407261,0.329,0.980498955,,,0.382628001,0.770446215
0.41375,0.656683264,0.331,0.975824708,,,0.382945591,0.76917461
0.41625,0.64731895,0.333,0.970545766,,,0.383263181,0.767904685
0.41875,0.639753761,0.335,0.964701656,,,0.383580772,0.766636437
0.42125,0.628501021,0.337,0.958347708,,,0.383898362,0.765369866
0.42375,0.622368679,0.339,0.951549129,,,0.384215952,0.76410497
0.42625,0.610690008,0.341,0.944374978,,,0.384533542,0.762841746
0.42875,0.60569682,0.343,0.936892982,,,0.384851132,0.761580194
0.43125,0.5944546,0.345,0.929165743,,,0.385168722,0.760320311
0.43375,0.58613344,0.347,0.921248489,,,0.385486312,0.759062097
0.43625,0.579558717,0.349,0.9131882,,,0.385803902,0.757805548
0.43875,0.570125591,0.351,0.905023747,,,0.386121492,0.756550664
0.44125,0.562105149,0.353,0.896786667,,,0.386439082,0.755297443
0.44375,0.554727177,0.355,0.888502221,,,0.386756673,0.754045884
0.44625,0.546886121,0.357,0.880190511,,,0.387074263,0.752795984
0.44875,0.539059639,0.359,0.871867522,,,0.387391853,0.751547742
0.45125,0.53303083,0.361,0.863545999,,,0.387709443,0.750301156
0.45375,0.525845579,0.363,0.855236117,,,0.388027033,0.749056225
0.45625,0.518597921,0.365,0.846946047,,,0.388344623,0.747812947
0.45875,0.511355943,0.367,0.83868239,,,0.388662213,0.746571321
0.46125,0.505972072,0.369,0.830450499,,,0.388979803,0.745331344
0.46375,0.499187778,0.371,0.822254735,,,0.389297393,0.744093016
0.46625,0.492272556,0.373,0.814098654,,,0.389614983,0.742856334
0.46875,0.484696911,0.375,0.805985161,,,0.389932574,0.741621296
0.47125,0.479241238,0.377,0.797916623,,,0.390250164,0.740387902
0.47375,0.47357557,0.379,0.789894966,,,0.390567754,0.73915615
0.47625,0.468161895,0.381,0.781921755,,,0.390885344,0.737926037
0.47875,0.461460301,0.383,0.773998253,,,0.391202934,0.736697563
0.48125,0.456103197,0.385,0.766125478,,,0.391520524,0.735470726
0.48375,0.450943336,0.387,0.758304247,,,0.391838114,0.734245523
0.48625,0.447070744,0.389,0.750535217,,,0.392155704,0.733021954
0.48875,0.442556552,0.391,0.742818913,,,0.392473294,0.731800016
0.49125,0.438336078,0.393,0.735155761,,,0.392790884,0.730579709
0.49375,0.434542076,0.395,0.727546107,,,0.393108475,0.72936103
0.49625,0.432058931,0.397,0.719990235,,,0.393426065,0.728143978
0.49875,0.430575499,0.399,0.712488382,,,0.393743655,0.726928551
0.50125,0.429454988,0.401,0.705040751,,,0.394061245,0.725714748
0.50375,0.428271164,0.403,0.697647508,,,0.394378835,0.724502567
0.50625,0.427259,0.405,0.690308797,,,0.394696425,0.723292006
0.50875,0.426712554,0.407,0.68302473,,,0.395014015,0.722083063
0.51125,0.426573414,0.409,0.675795394,,,0.395331605,0.720875738
0.51375,0.426588512,0.411,0.668620847,,,0.395649195,0.719670028
0.51625,0.42650115,0.413,0.661501111,,,0.395966785,0.718465933
0.51875,0.426337225,0.415,0.654436178,,,0.396284376,0.717263449
0.52125,0.426213674,0.417,0.647426003,,,0.396601966,0.716062576
0.52375,0.426153705,0.419,0.640470507,,,0.396919556,0.714863312
0.52625,0.426135928,0.421,0.633569579,,,0.397237146,0.713665655
0.52875,0.426136998,0.423,0.626723075,,,0.397554736,0.712469604
0.53125,0.426138357,0.425,0.619930826,,,0.397872326,0.711275157
0.53375,0.426121869,0.427,0.613192639,,,0.398189916,0.710082313
0.53625,0.426102373,0.429,0.606508298,,,0.398507506,0.70889107
0.53875,0.426090271,0.431,0.59987757,,,0.398825096,0.707701425
0.54125,0.426084942,0.433,0.593300202,,,0.399142686,0.706513379
0.54375,0.426081447,0.435,0.58677592,,,0.399460277,0.705326929
0.54625,0.426078943,0.437,0.580304425,,,0.399777867,0.704142073
0.54875,0.426078522,0.439,0.573885387,,,0.400095457,0.70295881
0.55125,0.426080888,0.441,0.567518434,,,0.400413047,0.701777138
0.55375,0.426085764,0.443,0.561203144,,,0.400730637,0.700597056
0.55625,0.426087272,0.445,0.554939027,,,0.401048227,0.699418562
0.55875,0.426084899,0.447,0.54872551,,,0.401365817,0.698241654
0.56125,0.426082065,0.449,0.542561903,,,0.401683407,0.697066331
0.56375,0.426077481,0.451,0.536447364,,,0.402000997,0.695892591
0.56625,0.426069742,0.453,0.53038084,,,0.402318587,0.694720434
0.56875,0.426057859,0.455,0.524360993,,,0.402636178,0.693549856
0.57125,0.426042141,0.457,0.518386095,,,0.402953768,0.692380856
0.57375,0.426021795,0.459,0.51245388,,,0.403271358,0.691213433
0.57625,0.425991725,0.461,0.50656132,,,0.403588948,0.690047586
0.57875,0.425952791,0.463,0.500704299,,,0.403906538,0.688883312
0.58125,0.425896019,0.465,0.494877055,,,0.404224128,0.687720611
0.58375,0.425809731,0.467,0.489071247,,,0.404541718,0.686559479
0.58625,0.425687962,0.469,0.483274179,,,0.404859308,0.685399917
0.58875,0.42552438,0.471,0.477465669,,,0.405176898,0.684241922
0.59125,0.42529136,0.473,0.471612469,,,0.405494488,0.683085492
0.59375,0.424967051,0.475,0.465659072,,,0.405812079,0.681930627
0.59625,0.424511467,0.477,0.459514491,,,0.406129669,0.680777324
0.59875,0.423861173,0.479,0.453050002,,,0.406447259,0.679625582
0.60125,0.422870902,0.481,0.446161709,,,0.406764849,0.6784754
0.60375,0.421338523,0.483,0.439024303,,,0.407082439,0.677326775
0.60625,0.419102814,0.485,0.432769475,,,0.407400029,0.676179707
0.60875,0.416062937,0.487,0.430425648,,,0.407717619,0.675034193
0.61125,0.411919066,0.489,0.430030699,,,0.408035209,0.673890232
0.61375,0.406519551,0.491,0.429702467,,,0.408352799,0.672747822
0.61625,0.399931184,0.493,0.42884859,,,0.408670389,0.671606962
0.61875,0.392099026,0.495,0.428089938,,,0.40898798,0.670467651
0.62125,0.38305335,0.497,0.426663107,,,0.40930557,0.669329886
0.62375,0.373379884,0.499,0.425681861,,,0.40962316,0.668193667
0.62625,0.363178501,0.501,0.425207462,,,0.40994075,0.667058991
0.62875,0.352402398,0.503,0.425172365,,,0.41025834,0.665925857
0.63125,0.341387375,0.505,0.425156504,,,0.41057593,0.664794263
0.63375,0.330855281,0.507,0.425157466,,,0.41089352,0.663664208
0.63625,0.320652528,0.509,0.425170383,,,0.41121111,0.662535691
0.63875,0.310883713,0.511,0.425207436,,,0.4115287,0.661408709
0.64125,0.302332661,0.513,0.42532305,,,0.41184629,0.660283261
0.64375,0.295215614,0.515,0.42544964,,,0.412163881,0.659159346
0.64625,0.289325794,0.517,0.425704894,,,0.412481471,0.658036962
0.64875,0.284548126,0.519,0.425774523,,,0.412799061,0.656916107
0.65125,0.280604076,0.521,0.425839572,,,0.413116651,0.655796781
0.65375,0.277287895,0.523,0.425973306,,,0.413434241,0.65467898
0.65625,0.274658119,0.525,0.426057636,,,0.413751831,0.653562704
0.65875,0.272464181,0.527,0.426130173,,,0.414069421,0.652447952
0.66125,0.270514919,0.529,0.426133058,,,0.414387011,0.651334721
0.66375,0.269096432,0.531,0.426136117,,,0.414704601,0.65022301
0.66625,0.268199969,0.533,0.426145116,,,0.415022191,0.649112818
0.66875,0.267544059,0.535,0.426152354,,,0.415339782,0.648004142
0.67125,0.267041156,0.537,0.426161158,,,0.415657372,0.646896982
0.67375,0.266638735,0.539,0.426160874,,,0.415974962,0.645791336
0.67625,0.266350195,0.541,0.426160851,,,0.416292552,0.644687202
0.67875,0.266119811,0.543,0.426160673,,,0.416610142,0.643584579
0.68125,0.26593432,0.545,0.426159661,,,0.416927732,0.642483465
0.68375,0.265793532,0.547,0.426158639,,,0.417245322,0.641383859
0.68625,0.265710259,0.549,0.426155904,,,0.417562912,0.640285758
0.68875,0.265657192,0.551,0.426153985,,,0.417880502,0.639189163
0.69125,0.265620937,0.553,0.426152332,,,0.418198092,0.63809407
0.69375,0.265596325,0.555,0.426151154,,,0.418515683,0.637000479
0.69625,0.265580044,0.557,0.426149074,,,0.418833273,0.635908387
0.69875,0.265568828,0.559,0.426145418,,,0.419150863,0.634817794
0.70125,0.265562137,0.561,0.426145977,,,0.419468453,0.633728698
0.70375,0.265557278,0.563,0.426137536,,,0.419786043,0.632641097
0.70625,0.265554512,0.565,0.42613374,,,0.420103633,0.63155499
0.70875,0.265554403,0.567,0.426131591,,,0.420421223,0.630470375
0.71125,0.265555199,0.569,0.426116861,,,0.420738813,0.629387251
0.71375,0.265556152,0.571,0.426107428,,,0.421056403,0.628305616
0.71625,0.265557776,0.573,0.426096065,,,0.421373993,0.627225468
0.71875,0.265560608,0.575,0.426082566,,,0.421691584,0.626146807
0.72125,0.265562967,0.577,0.426067446,,,0.422009174,0.62506963
0.72375,0.265564664,0.579,0.426053573,,,0.422326764,0.623993936
0.72625,0.265567082,0.581,0.426028336,,,0.422644354,0.622919724
0.72875,0.265570866,0.583,0.426009997,,,0.422961944,0.621846991
0.73125,0.265574204,0.585,0.425963541,,,0.423279534,0.620775737
0.73375,0.265576169,0.587,0.425932868,,,0.423597124,0.619705959
0.73625,0.265576947,0.589,0.425867564,,,0.423914714,0.618637657
0.73875,0.265577187,0.591,0.425789926,,,0.424232304,0.617570829
0.74125,0.265570568,0.593,0.425674683,,,0.424549894,0.616505473
0.74375,0.265366238,0.595,0.425567924,,,0.424867485,0.615441588
0.74625,0.261279972,0.597,0.425461604,,,0.425185075,0.614379172
0.74875,0.227022617,0.599,0.425267713,,,0.425502665,0.613318224
0.75125,0.172883356,0.601,0.424872806,,,0.425820255,0.612258742
0.75375,0.142548179,0.603,0.42426117,,,0.426137845,0.611200725
0.75625,0.130226159,0.605,0.42358004,,,0.426455435,0.610144171
0.75875,0.126367191,0.607,0.423060735,,,0.426773025,0.609089078
0.76125,0.125328644,0.609,0.422820612,,,0.427090615,0.608035446
0.76375,0.125065275,0.611,0.422671152,,,0.427408205,0.606983272
0.76625,0.124999677,0.613,0.422064574,,,0.427725795,0.605932555
0.76875,0.124983417,0.615,0.420224977,,,0.428043386,0.604883294
0.77125,0.124979391,0.617,0.416400732,,,0.428360976,0.603835487
0.77375,0.124978395,0.619,0.410116008,,,0.428678566,0.602789132
0.77625,0.124978149,0.621,0.401315991,,,0.428996156,0.601744229
0.77875,0.124978088,0.623,0.390365618,,,0.429313746,0.600700775
0.78125,0.124978072,0.625,0.377928593,,,0.429631336,0.599658769
0.78375,0.124978069,0.627,0.364790998,,,0.429948926,0.59861821
0.78625,0.124978068,0.629,0.351696634,,,0.430266516,0.597579095
0.78875,0.124978068,0.631,0.339235318,,,0.430584106,0.596541424
0.79125,0.124978067,0.633,0.327797356,,,0.430901696,0.595505195
0.79375,0.124978067,0.635,0.317583211,,,0.431219287,0.594470407
0.79625,0.124978067,0.637,0.308645599,,,0.431536877,0.593437058
0.79875,0.124978067,0.639,0.30094129,,,0.431854467,0.592405146
0.80125,0.124978067,0.641,0.294376278,,,0.432172057,0.59137467
0.80375,0.124978067,0.643,0.288837277,,,0.432489647,0.590345628
0.80625,0.124978067,0.645,0.284208839,,,0.432807237,0.58931802
0.80875,0.124978067,0.647,0.280380395,,,0.433124827,0.588291843
0.81125,0.124978067,0.649,0.277247777,,,0.433442417,0.587267096
0.81375,0.124978067,0.651,0.274713,,,0.433760007,0.586243778
0.81625,0.124978067,0.653,0.272684286,,,0.434077597,0.585221886
0.81875,0.124978067,0.655,0.271076969,,,0.434395188,0.58420142
0.82125,0.124978067,0.657,0.269814721,,,0.434712778,0.583182378
0.82375,0.124978067,0.659,0.268830696,,,0.435030368,0.582164759
0.82625,0.124978067,0.661,0.26806792,,,0.435347958,0.581148561
0.82875,0.124978067,0.663,0.267479082,,,0.435665548,0.580133782
0.83125,0.124978067,0.665,0.267025817,,,0.435983138,0.579120421
0.83375,0.124978067,0.667,0.266677766,,,0.436300728,0.578108477
0.83625,0.124978067,0.669,0.266410972,,,0.436618318,0.577097948
0.83875,0.124978067,0.671,0.266206808,,,0.436935908,0.576088833
0.84125,0.124978067,0.673,0.266050802,,,0.437253498,0.57508113
0.84375,0.124978067,0.675,0.265931707,,,0.437571089,0.574074837
0.84625,0.124978067,0.677,0.265840942,,,0.437888679,0.573069953
0.84875,0.124978067,0.679,0.265771963,,,0.438206269,0.572066478
0.85125,0.124978067,0.681,0.265719749,,,0.438523859,0.571064408
0.85375,0.124978067,0.683,0.265680379,,,0.438841449,0.570063743
0.85625,0.124978067,0.685,0.26565073,,,0.439159039,0.569064482
0.85875,0.124978067,0.687,0.265628443,,,0.439476629,0.568066622
0.86125,0.124978067,0.689,0.265611722,,,0.439794219,0.567070162
0.86375,0.124978067,0.691,0.265599161,,,0.440111809,0.566075102
0.86625,0.124978067,0.693,0.265589683,,,0.440429399,0.565081438
0.86875,0.124978067,0.695,0.265582627,,,0.44074699,0.564089171
0.87125,0.124978067,0.697,0.265577348,,,0.44106458,0.563098298
0.87375,0.124978067,0.699,0.265573407,,,0.44138217,0.562108818
0.87625,0.124978067,0.701,0.265570481,,,0.44169976,0.561120729
0.87875,0.124978067,0.703,0.26556838,,,0.44201735,0.56013403
0.88125,0.124978067,0.705,0.26556695,,,0.44233494,0.55914872
0.88375,0.124978067,0.707,0.265566086,,,0.44265253,0.558164797
0.88625,0.124978067,0.709,0.26556561,,,0.44297012,0.55718226
0.88875,0.124978067,0.711,0.265565322,,,0.44328771,0.556201106
0.89125,0.124978067,0.713,0.265565102,,,0.4436053,0.555221336
0.89375,0.124978067,0.715,0.265565148,,,0.443922891,0.554242946
0.89625,0.124978067,0.717,0.265565536,,,0.444240481,0.553265936
0.89875,0.124978067,0.719,0.265566292,,,0.444558071,0.552290305
0.90125,0.124978067,0.721,0.265566792,,,0.444875661,0.55131605
0.90375,0.124978067,0.723,0.265566976,,,0.445193251,0.550343171
0.90625,0.124978067,0.725,0.265566704,,,0.445510841,0.549371666
0.90875,0.124978067,0.727,0.265566551,,,0.445828431,0.548401533
0.91125,0.124978067,0.729,0.265563288,,,0.446146021,0.547432771
0.91375,0.124978067,0.731,0.265561652,,,0.446463611,0.546465379
0.91625,0.124978067,0.733,0.265540749,,,0.446781201,0.545499355
0.91875,0.124978067,0.735,0.265530035,,,0.447098792,0.544534697
0.92125,0.124978067,0.737,0.265410427,,,0.447416382,0.543571405
0.92375,0.124978067,0.739,0.265352478,,,0.447733972,0.542609476
0.92625,0.124978067,0.741,0.264692732,,,0.448051562,0.54164891
0.92875,0.124978067,0.743,0.264360186,,,0.448369152,0.540689705
0.93125,0.124978067,0.745,0.260243206,,,0.448686742,0.539731859
0.93375,0.124978067,0.747,0.256530302,,,0.449004332,0.538775371
0.93625,0.124978067,0.749,0.227688658,,,0.449321922,0.537820239
0.93875,0.124978067,0.751,0.188719699,,,0.449639512,0.536866463
0.94125,0.124978067,0.753,0.147609569,,,0.449957102,0.53591404
0.94375,0.124978067,0.755,0.131986707,,,0.450274693,0.534962969
0.94625,0.124978067,0.757,0.126888524,,,0.450592283,0.534013249
0.94875,0.124978067,0.759,0.125479448,,,0.450909873,0.533064879
0.95125,0.124978067,0.761,0.12510753,,,0.451227463,0.532117856
0.95375,0.124978067,0.763,0.125011386,,,0.451545053,0.53117218
0.95625,0.124978067,0.765,0.124986632,,,0.451862643,0.530227848
0.95875,0.124978067,0.767,0.124980268,,,0.452180233,0.529284861
0.96125,0.124978067,0.769,0.124978633,,,0.452497823,0.528343215
0.96375,0.124978067,0.771,0.124978213,,,0.452815413,0.52740291
0.96625,0.124978067,0.773,0.124978105,,,0.453133003,0.526463944
0.96875,0.124978067,0.775,0.124978077,,,0.453450594,0.525526317
0.97125,0.124978067,0.777,0.12497807,,,0.453768184,0.524590025
0.97375,0.124978067,0.779,0.124978068,,,0.454085774,0.523655069
0.97625,0.124978067,0.781,0.124978068,,,0.454403364,0.522721446
0.97875,0.124978067,0.783,0.124978067,,,0.454720954,0.521789155
0.98125,0.124978067,0.785,0.124978067,,,0.455038544,0.520858195
0.98375,0.124978067,0.787,0.124978067,,,0.455356134,0.519928564
0.98625,0.124978067,0.789,0.124978067,,,0.455673724,0.519000261
0.98875,0.124978067,0.791,0.124978067,,,0.455991314,0.518073285
0.99125,0.124978067,0.793,0.124978067,,,0.456308904,0.517147633
0.99375,0.124978067,0.795,0.124978067,,,0.456626495,0.516223305
0.99625,0.124978067,0.797,0.124978067,,,0.456944085,0.515300299
0.99875,0.124978067,0.799,0.124978067,,,0.457261675,0.514378614
,,0.801,0.124978067,,,0.457579265,0.513458249
,,0.803,0.124978067,,,0.457896855,0.512539201
,,0.805,0.124978067,,,0.458214445,0.511621469
,,0.807,0.124978067,,,0.458532035,0.510705053
,,0.809,0.124978067,,,0.458849625,0.50978995
,,0.811,0.124978067,,,0.459167215,0.50887616
,,0.813,0.124978067,,,0.459484805,0.50796368
,,0.815,0.124978067,,,0.459802396,0.50705251
,,0.817,0.124978067,,,0.460119986,0.506142648
,,0.819,0.124978067,,,0.460437576,0.505234093
,,0.821,0.124978067,,,0.460755166,0.504326842
,,0.823,0.124978067,,,0.461072756,0.503420896
,,0.825,0.124978067,,,0.461390346,0.502516252
,,0.827,0.124978067,,,0.461707936,0.501612908
,,0.829,0.124978067,,,0.462025526,0.500710865
,,0.831,0.124978067,,,0.462343116,0.499810119
,,0.833,0.124978067,,,0.462660706,0.498910671
,,0.835,0.124978067,,,0.462978297,0.498012518
,,0.837,0.124978067,,,0.463295887,0.497115658
,,0.839,0.124978067,,,0.463613477,0.496220091
,,0.841,0.124978067,,,0.463931067,0.495325816
,,0.843,0.124978067,,,0.464248657,0.49443283
,,0.845,0.124978067,,,0.464566247,0.493541133
,,0.847,0.124978067,,,0.464883837,0.492650722
,,0.849,0.124978067,,,0.465201427,0.491761598
,,0.851,0.124978067,,,0.465519017,0.490873757
,,0.853,0.124978067,,,0.465836607,0.489987199
,,0.855,0.124978067,,,0.466154198,0.489101923
,,0.857,0.124978067,,,0.466471788,0.488217926
,,0.859,0.124978067,,,0.466789378,0.487335209
,,0.861,0.124978067,,,0.467106968,0.486453768
,,0.863,0.124978067,,,0.467424558,0.485573604
,,0.865,0.124978067,,,0.467742148,0.484694713
,,0.867,0.124978067,,,0.468059738,0.483817096
,,0.869,0.124978067,,,0.468377328,0.482940751
,,0.871,0.124978067,,,0.468694918,0.482065676
,,0.873,0.124978067,,,0.469012508,0.48119187
,,0.875,0.124978067,,,0.469330099,0.480319332
,,0.877,0.124978067,,,0.469647689,0.479448059
,,0.879,0.124978067,,,0.469965279,0.478578052
,,0.881,0.124978067,,,0.470282869,0.477709308
,,0.883,0.124978067,,,0.470600459,0.476841826
,,0.885,0.124978067,,,0.470918049,0.475975605
,,0.887,0.124978067,,,0.471235639,0.475110643
,,0.889,0.124978067,,,0.471553229,0.474246939
,,0.891,0.124978067,,,0.471870819,0.473384491
,,0.893,0.124978067,,,0.472188409,0.472523299
,,0.895,0.124978067,,,0.472506,0.47166336
,,0.897,0.124978067,,,0.47282359,0.470804674
,,0.899,0.124978067,,,0.47314118,0.469947239
,,0.901,0.124978067,,,0.47345877,0.469091054
,,0.903,0.124978067,,,0.47377636,0.468236117
,,0.905,0.124978067,,,0.47409395,0.467382427
,,0.907,0.124978067,,,0.47441154,0.466529983
,,0.909,0.124978067,,,0.47472913,0.465678783
,,0.911,0.124978067,,,0.47504672,0.464828826
,,0.913,0.124978067,,,0.47536431,0.46398011
,,0.915,0.124978067,,,0.475681901,0.463132635
,,0.917,0.124978067,,,0.475999491,0.462286398
,,0.919,0.124978067,,,0.476317081,0.461441399
,,0.921,0.124978067,,,0.476634671,0.460597636
,,0.923,0.124978067,,,0.476952261,0.459755107
,,0.925,0.124978067,,,0.477269851,0.458913812
,,0.927,0.124978067,,,0.477587441,0.458073749
,,0.929,0.124978067,,,0.477905031,0.457234917
,,0.931,0.124978067,,,0.478222621,0.456397314
,,0.933,0.124978067,,,0.478540211,0.455560939
,,0.935,0.124978067,,,0.478857802,0.45472579
,,0.937,0.124978067,,,0.479175392,0.453891867
,,0.939,0.124978067,,,0.479492982,0.453059168
,,0.941,0.124978067,,,0.479810572,0.452227691
,,0.943,0.124978067,,,0.480128162,0.451397436
,,0.945,0.124978067,,,0.480445752,0.4505684
,,0.947,0.124978067,,,0.480763342,0.449740583
,,0.949,0.124978067,,,0.481080932,0.448913983
,,0.951,0.124978067,,,0.481398522,0.448088599
,,0.953,0.124978067,,,0.481716112,0.44726443
,,0.955,0.124978067,,,0.482033703,0.446441473
,,0.957,0.124978067,,,0.482351293,0.445619729
,,0.959,0.124978067,,,0.482668883,0.444799195
,,0.961,0.124978067,,,0.482986473,0.44397987
,,0.963,0.124978067,,,0.483304063,0.443161753
,,0.965,0.124978067,,,0.483621653,0.442344842
,,0.967,0.124978067,,,0.483939243,0.441529137
,,0.969,0.124978067,,,0.484256833,0.440714635
,,0.971,0.124978067,,,0.484574423,0.439901336
,,0.973,0.124978067,,,0.484892013,0.439089238
,,0.975,0.124978067,,,0.485209604,0.43827834
,,0.977,0.124978067,,,0.485527194,0.43746864
,,0.979,0.124978067,,,0.485844784,0.436660137
,,0.981,0.124978067,,,0.486162374,0.435852831
,,0.983,0.124978067,,,0.486479964,0.435046718
,,0.985,0.124978067,,,0.486797554,0.434241799
,,0.987,0.124978067,,,0.487115144,0.433438072
,,0.989,0.124978067,,,0.487432734,0.432635535
,,0.991,0.124978067,,,0.487750324,0.431834187
,,0.993,0.124978067,,,0.488067914,0.431034028
,,0.995,0.124978067,,,0.488385505,0.430235055
,,0.997,0.124978067,,,0.488703095,0.429437267
,,0.999,0.124978067,,,0.489020685,0.428640663
,,,,,,0.489338275,0.427845241
,,,,,,0.489655865,0.427051001
,,,,,,0.489973455,0.426257942
,,,,,,0.632329208,0.426257942
,,,,,,0.632329208,0.265535409
,,,,,,0.749998087,0.265535409
,,,,,,0.749998087,0.124981972
,,,,,,1,0.124981972
